Anketin Tarihi,Anket Şirketi,Örneklem,AKP,CHP,BBP,YRP,MHP,IYI,DEVA,GP,SP,DP,YSP,TIP,ZP,MP,TDP,BTP,Diger
13/5/2023,Özdemir,3016,"38,3","23,8",0,0,"7,9","10,0",0,0,0,0,"11,1","1,9","2,0","2,2",0,0,"2,8"
12/5/2023,BETİMAR,5751,"38,7","23,8","0,4","1,6","7,8","10,2",0,0,0,0,"11,0","1,8","2,1","2,1",0,0,"0,5"
12/5/2023,Areda Survey[a 1],25000,"41,4","26,0","0,4","1,6","8,9","7,5",0,0,0,0,"9,2","1,5","1,9","1,1",0,0,"0,5"
12/5/2023,Aksoy[a 2],4000,"37,2","30,5",0,"1,2","6,9","9,1",0,0,0,0,"8,2","2,0","2,8","1,2",0,0,"0,9"
11/5/2023,ORC,3920,"34,5","28,4",0,0,"7,3","13,7",0,0,0,0,"10,6",0,0,0,0,0,"5,5"
11/5/2023,Optimar[a 3],5950,"38,0","27,7","1,0","1,3","8,7","8,4",0,0,0,0,"8,1","2,6","1,2","2,5",0,0,"0,5"
11/5/2023,Yöneylem,2476,"35,5","30,4",0,"1,1","7,8","9,6",0,0,0,0,"10,2","2,6","1,6",0,0,0,"1,2"
11/5/2023,MetroPOLL,2038,"40,3","30,5",0,0,"5,2","8,6",0,0,0,0,"10,1","1,6",0,"1,1",0,0,"2,6"
11/5/2023,Argetus,2568,"38,8","26,7",0,"1,1","8,8","9,1",0,0,0,0,"10,2","1,3",0,"1,6",0,0,"2,4"
11/5/2023,Remres,5411,"34,9","30,4","0,1","0,6","7,3","12,6",0,0,0,0,"9,2","1,8","1,1","1,3",0,0,"0,7"
9/5/2023,ADA,6500,"39,6","26,3",0,"1,5","9,7","7,2",0,0,0,0,"10,2","2,2",0,"1,4",0,0,"1,9"
9/5/2023,Area,3000,"36,8","30,0","0,2","1,2","8,3","8,6",0,0,0,0,"10,3","2,0","1,3","1,1",0,0,"0,2"
9/5/2023,İEA,5000,"36,7","30,6",0,"0,8","7,4","10,1",0,0,0,0,"9,1","1,4","1,5","1,1",0,0,"1,3"
9/5/2023,ALF,6000,"35,5","27,8",0,0,"7,8","12,3",0,0,0,0,"10,8",0,0,0,0,0,"5,8"
8/5/2023,İvem,4020,"40,6","29,6",0,0,"8,2","7,8",0,0,0,0,"9,9","1,0",0,"1,2",0,0,"1,7"
8/5/2023,Bulgu,2400,"34,2","32,8","0,4","1,3","5,8","9,9",0,0,0,0,"8,9","1,9","2,0","1,8",0,0,"1,0"
7/5/2023,Gezici,3577,"39,1","29,0",0,0,"6,3","8,0",0,0,0,0,"9,6","1,6","2,5","2,3",0,0,"1,6"
7/5/2023,KONDA,2480,"35,0","27,5",0,0,"8,0","12,4",0,0,0,0,"10,5","1,8",0,"1,6",0,0,"2,2"
7/5/2023,SAROS,8164,"36,6","31,5",0,"0,7","6,6","8,6",0,0,0,0,"11,9","1,3","0,7","0,7",0,0,"1,3"
5/5/2023,Avrasya,5600,"35,1","33,0","0,1","1,1","7,9","8,6",0,0,0,0,"9,7","1,5","0,9","1,1",0,0,"1,1"
4/5/2023,MAK,5750,"36,9","30,1","0,7","1,0","6,6","12,6",0,0,0,0,"10,4","0,4","0,4","0,9",0,0,1
1/5/2023,ORC,4000,"33,2","28,0","1,6","1,3","5,7","15,5",0,0,0,0,"9,6","2,0","0,2","1,9",0,0,3
30/04/2023,Yön09em,3000,"35,2","30,7","0,1","1,6","6,3","9,8",0,0,0,0,"9,3","3,6","1,4","1,5",0,0,2
30/04/2023,SAROS,7300,"38,7","32,8","0,1","1,0","5,9","7,9",0,0,0,0,"9,3","1,6","0,5","1,5",0,0,"3,8"
2/5/2023,ASAL,2500,"38,5","26,7","0,1","1,5","8,0","8,2",0,0,0,0,"9,4","1,8","0,2","2,1",0,0,"3,8"
29/04/2023,ADA,3200,"39,3","26,9","0,1","1,4","8,8","7,3",0,0,0,0,"9,2","2,4","0,2","2,5",0,0,"2,7"
29/04/2023,Opti03[a 1],3000,"38,6","30,1","1,0","1,0","7,7","7,0",0,0,0,0,"7,8","1,3","0,9","4,0",0,0,"0,7"
28/04/2023,Aksoy[a 2],1537,"34,7","32,1","0,1","0,1","6,8","9,0",0,0,0,0,"9,6","1,9","0,2","0,2",0,0,"5,9"
24/04/2023,Sosyo Politik,1569,"32,3","34,1","0,1","0,1","6,1","11,3",0,0,0,0,"11,7","1,1","2,0","1,4",0,0,0
27/04/2023,Areda Survey[a 3],1419,"41,3","26,0","0,4","1,5","8,8","7,0",0,0,0,0,"8,7","1,7","1,4","2,8",0,0,"0,4"
26/04/2023,TEAM,3054,"35,9","27,6","0,3","1,1","6,1","11,5",0,0,0,0,"11,2","1,2","0,2","3,0",0,0,"0,6"
15/04/2023,Bulgu,1500,"34,3","33,0","0,4","1,5","5,3","8,3",0,0,0,0,"9,4","1,6","0,4",4,0,0,"1,8"
25/04/2023,TÜSİAR,4224,"37,6","26,8","0,5","2,1","8,5","8,7",0,0,0,0,"9,3","1,8","1,0","2,6",0,0,"1,2"
25/04/2023,Artıbir,1500,"32,3","32,3","0,1","2,2","6,4","10,2",0,0,0,0,"11,9","1,3","0,3","3,1",0,0,"0,0"
22/04/2023,ORC,3920,"32,8","28,6","0,1","1,2","6,3","15,1",0,0,0,0,"9,3","1,4","0,9","2,7",0,0,"1,7"
20/04/2023,Areda Survey[a 1],1740,"41,1","25,4","0,4","1,5","8,8","6,9",0,0,0,0,"10,1","1,1","1,1","3,3",0,0,"0,3"
20/04/2023,Area,1027,"36,5","30,1","0,2","1,1","8,4","8,3",0,0,0,0,"10,7","1,5","0,2","1,6",0,0,"1,6"
16/04/2023,SONAR,4541,"38,2","24,2","0,1","0,0","7,1","13,4",0,0,0,0,"10,1","0,0","0,2","4,1",0,0,"2,9"
16/04/2023,Yön09em,2422,"35,8","30,4","0,1","0,5","7,4","9,2",0,0,0,0,"10,3","2,2","0,2","2,6",0,0,"1,6"
16/04/2023,MAK,5750,"35,8","29,1","1,2","1,4","7,2","11,7",0,0,0,0,"9,5","1,4","0,8","1,2",0,0,"0,7"
15/04/2023,HBS,5100,"35,5","27,5","0,1","0,0","7,5","12,9",0,0,0,0,"10,9","0,0","0,2","2,2",0,0,"3,5"
14/04/2023,Areda Survey[a 1],1013,"40,4","25,5","0,3","1,6","8,8","7,6",0,0,0,0,"10,3","0,9",1,"3,1",0,0,"0,5"
12/4/2023,ALF,2340,"33,1","30,2","0,1","0,0","6,6","13,2",0,0,0,0,"10,1","0,0","0,2","4,3",0,0,"2,5"
11/4/2023,ORC,5400,"31,6","28,5","1,6","0,0","6,2","14,3",0,0,0,0,"8,8","2,0","1,4","4,1",0,0,"1,5"
10/4/2023,Avrasya[a 2],2410,"34,4","33,3","0,1","0,0","6,8","9,2",0,0,0,0,"9,5","0,0","0,2","3,6",0,0,"3,2"
7/4/2023,Opti03,4745,"38,1","29,3","1,0","0,7","6,6","6,8",0,0,0,0,"9,2","1,9","0,8","3,8",0,0,"1,8"
15/04/2023,GENAR,500,"39,1","26,2",0,"1,6","7,3","7,4",0,0,0,0,"10,6","2,7","0,2","2,6",0,0,"2,5"
15/04/2023,Aksoy,1067,"31,1","30,6",0,"0,0","7,5","11,4",0,0,0,0,"10,5","2,5","0,2","0,2",0,0,"6,4"
3/4/2023,MetroPOLL,2610,"40,1","24,6","0,0","0,7","5,1","9,6","0,8","0,5","0,6","0,0","12,8","1,1","0,7","2,7","0,0","0,0","0,7"
3/4/2023,ASAL,2147,"38,8","23,2","0,7","1,3","7,4","8,9","0,8","0,5","0,6","0,0","10,3","1,2","0,9","4,2","0,0","0,0","1,2"
1/4/2023,Areda Survey[a 1],1847,"40,0","23,7","0,3","1,9","8,1","7,5","0,5","0,4","0,4","0,0","10,6","0,8","1,3","3,6","0,0","0,0","0,2"
15/04/2023,İEA,2000,"35,8","29,3","0,0","0,6","7,2","9,4","0,4","0,0","0,6","0,0","8,5","1,3","0,7","5,3","0,0","0,0","0,9"
15/04/2023,SAROS,1072,"37,8","26,4","0,4","0,3","6,3","8,5","1,4","0,6","0,1","0,3","11,8","0,7","0,4","2,5","0,0","0,0","2,4"
29/03/2023,Yön09em,2655,"35,0","27,6","0,0","1,1","6,3","9,5","0,9","0,0","0,0","0,0","9,3","3,3","1,0","4,5","0,0","0,0","1,5"
21/03/2023,Artıbir,1500,"31,1","27,9",0,"1,3","5,7","12,2","2,6","1,2",1,1,"11,6",1,"0,3","3,2",0,"0,9",0
20/03/2023,Yön09em,2400,"35,1","28,1",0,"1,6","6,9","9,3","0,5",1,1,1,"9,8","3,3","0,9","3,6",0,0,1
18/03/2023,Opti03,1916,"38,4","25,9","0,9",1,"7,7","7,8","0,3","0,3","0,3",0,"9,5","0,7","0,3","6,2",0,0,"0,4"
17/03/2023,Avrasya,2560,"29,1","31,9",0,"1,5",7,"10,5","2,1","0,8","0,9","0,5","10,2","1,6",1,"1,6",0,0,"1,3"
15/03/2023,Bulgu,1800,"32,7","26,8","0,1","0,7","7,1","12,5","0,9","0,2","0,9",1,"10,2","1,6","0,4","5,5",0,"0,2","0,2"
15/03/2023,ORC,4540,"28,1","28,3","1,6","1,2","6,3","11,7",2,"2,5",1,1,"9,3","1,5","1,5","2,3","1,3",1,"1,4"
15/03/2023,MAK,5750,"34,2",26,"0,4","1,3","6,3","13,6","2,1",1,"0,9","0,4","9,3",0,1,1,"0,1","1,2","1,2"
15/03/2023,Aksoy,1537,"31,8","27,8",0,0,"6,9","11,4","0,6","0,6","0,8",0,"10,3",0,"0,2",0,0,0,"9,7"
15/03/2023,SAROS,1082,"36,7","26,5",0,"0,8","6,1","10,5","1,3","0,5","0,6",0,"12,3","0,3","0,2",3,0,0,"1,4"
15/03/2023,GENAR,3000,"40,7","23,1",0,"1,4","7,6",7,0,0,0,0,"10,8","1,9","0,2","4,7",0,0,"2,8"
15/03/2023,Themis,1459,"27,5","30,8","0,2","2,2","3,6","9,7","2,4","1,1","1,1",0,"9,7","3,1","8,5","2,3","1,1",0,"0,2"
15/03/2023,Piar,1460,"30,8","32,3","0,1",0,"7,1","8,3","2,1","3,7",0,0,"11,6",0,"0,2","0,2",0,"1,8","2,3"
10/3/2023,ADA,3121,"40,2","24,2","0,1",2,"7,1","7,2","0,6",0,"0,4",0,"11,6","1,9","0,8","4,6",0,0,"1,4"
9/3/2023,İEA,2000,"35,4","27,4","0,1","1,3","5,9","10,3","0,7",0,"0,3",0,"9,8","1,5","1,1","5,6",0,0,"0,4"
8/3/2023,Aksoy,1537,31,"28,4","0,1",0,"7,2",12,"1,4","0,9","1,4",0,"9,5","1,1",0,"0,2",0,0,"6,3"
7/3/2023,ALF,1770,31,"31,8","0,1","1,9","6,5","8,9","1,5","1,3",0,0,"10,2",0,"1,6","2,2",0,0,2
27/02/2023,Areda Survey,3000,"38,5","22,8","0,1","1,6","10,1","10,4","0,9","0,4","0,6",0,"10,2","0,4","1,4","1,1","0,1",0,"1,2"
27/02/2023,ORC,4720,"29,1","23,5","0,1",1,"5,4","19,5","2,3","2,5",0,0,"9,3",0,2,"1,3","1,8",0,"3,5"
26/02/2023,Aksoy,1537,"32,1","27,3","0,1",0,"6,8","13,6","0,9","0,7","0,8",0,"9,3",0,0,"0,2",0,0,"5,8"
25/02/2023,ALF,2000,"29,5","27,8","0,1","1,6","5,6","15,7","1,8","1,5",0,0,"10,3",0,"2,5","2,2",0,0,2
23/02/2023,Opti03,2000,40,"25,7","0,1","1,2","7,1","10,1","0,8","0,4","1,2",0,"12,3",0,"0,5","1,7",0,0,"1,7"
20/02/2023,TEAM,1930,"37,5","24,5","0,1",0,"6,6","11,6",0,0,0,0,"10,8",0,0,"0,2",0,0,"8,8"
20/02/2023,İEA,2000,"33,7","25,8","0,1","1,3","6,8","13,9","1,3","0,7",0,0,"9,7","1,4","1,9","1,5",0,0,"0,5"
2/2/2023,Avrasya,2460,"32,1","31,5","0,1","1,2","5,1","12,8","3,5",0,0,0,"11,6",0,"1,4","0,2",0,0,"2,5"
26/01/2023,ORC,4580,"30,2","23,1","0,1",0,"5,5","19,3","2,6","2,7",0,0,"9,9",0,"1,8","0,2","2,3","1,4","3,5"
24/01/2023,ALF,2000,31,"26,1","0,1",0,"6,1","15,8","2,4","2,7",0,0,"9,7",0,"1,8","1,4","2,2",0,"1,9"
24/01/2023,ASAL,2520,"39,2","23,8","0,1",0,"7,5","12,3",0,0,0,0,10,0,0,"0,2",0,0,"7,1"
16/01/2023,ORC,3920,"31,5","25,5","0,1",0,"6,5","19,3","2,3","2,8",0,0,"9,1",0,"1,4","0,2",0,0,"2,7"
14/01/2023,TEAM,2524,"37,5",26,"0,1",0,"6,5","11,7",0,0,0,0,"11,9",0,0,"0,2",0,0,"7,3"
13/01/2023,Areda Survey,4900,"40,8","22,6","0,1","1,3","10,3","9,9","0,8","0,1","0,8",0,"7,5","0,4","0,8","0,6",0,0,"1,3"
9/1/2023,Piar,2611,"31,2","25,1","0,1",0,"6,3","14,3","1,1","3,8",0,0,"9,8",0,"1,6","0,2",0,"1,9","3,5"
8/1/2023,Avrasya,2612,"29,5","31,1","0,1","1,2","5,6","13,8","3,5",0,0,0,"11,2",0,"1,7","0,2",0,0,"2,4"
7/1/2023,MAK,5750,"34,3",25,"0,1","1,3","6,3","15,6","2,5","1,2","0,9",0,"11,3",0,1,"0,2","0,1","1,2",2
5/1/2023,ORC,3780,32,"23,5","0,1",0,"6,2","19,1","2,5","2,9",0,0,"7,9",0,0,"0,2","2,2","1,8","2,5"
2/1/2023,Sosyo Politik,1582,"33,2","28,5","0,1",0,"6,5","13,3","2,9","0,7","0,8",0,"10,7","0,6","0,4","0,2",0,0,0
1/1/2023,Opti03,2001,"41,1","23,6","0,1","0,7",8,"8,1","1,1","0,9",1,0,"10,5",0,"2,3","1,2","0,5",0,"1,7"
15/01/2023,Aksoy,1537,"33,3","25,5","0,1",0,"7,7","14,6","1,2","0,2","1,1",0,"7,3",0,0,"0,2",0,0,"5,2"
28/12/2022,TÜSİAR,3453,"37,2","23,5","0,1",2,"7,9","11,2","1,4","1,7","1,2",0,"11,7",0,"1,1","0,6",0,0,"2,3"
27/12/2022,Yön09em,2400,"32,1","25,5","0,1","1,9","8,1","13,5","1,5",0,"0,6",0,"11,1",2,"2,7",1,0,0,"1,4"
25/12/2022,Area,2004,"32,7","26,4","0,1","1,4",7,14,"3,1","0,5","0,5",0,"10,4",0,"2,7","0,2",0,0,"1,7"
25/12/2022,ALF,2750,"30,5","27,3","0,1",1,"7,1","14,4","2,3",3,0,0,"10,2",0,2,"0,2","2,1",0,"1,2"
24/12/2022,Artıbir,1500,"30,6","28,1","0,1","0,2","6,1","14,3","4,6","1,2","1,1",0,"10,7",0,"0,7","0,2",0,1,0
22/12/2022,ORC,4220,"31,2","24,2","0,1","1,2","7,1","17,5","2,3","2,4",0,0,"11,8",0,"1,7","0,2",2,"1,4","1,5"
18/12/2022,Piar,2618,"29,8","26,7","0,1",0,"9,1","10,3","2,3","3,8",0,0,11,0,3,"0,2",0,2,"3,2"
18/12/2022,MetroPOLL,2077,"36,9","24,7","0,1","1,3","7,3","12,5",1,0,"0,8",0,"10,1","0,8",2,"0,1",0,0,"1,6"
18/12/2022,ASAL,2142,"36,2","24,2","0,1","1,3","8,5","12,5","0,8","0,5","1,1",0,"11,6",0,0,"0,1",0,0,"3,6"
18/12/2022,Themis,4779,"31,2","28,3","0,1",0,"6,6","12,6","1,4",0,0,0,"10,4",0,"8,2","1,9",0,0,"1,9"
14/12/2022,Opti03,2502,"39,2","23,9","0,1",1,"8,6","10,9","0,9","0,9","0,9",0,"7,4",0,"0,5","0,1",0,0,0
12/12/2022,Global & Akademetre,1000,39,"27,1","0,1",0,"9,8","11,3","0,2","0,2","0,9",0,"12,7",0,0,"0,1","0,1","0,1","0,8"
6/12/2022,ORC,3670,"30,8",24,"0,1","1,6",7,"17,1","2,3","2,8",0,0,"8,3",0,"1,5",1,"2,1","1,3","1,2"
12/3/2022,Avrasya,2612,"29,2","31,5","0,1","1,5","5,8","13,2","3,4",0,0,0,"7,8",0,2,"0,1",0,0,"1,7"
15/12/2022,SAROS,11106,"35,4","26,2","0,1","0,9","6,3",12,"2,7","1,1","0,5",0,"11,3","0,3","1,2","0,3",0,0,"2,6"
15/12/2022,HBS,55000,"30,9","25,2","0,1",0,"6,3","20,8",0,0,0,0,"7,2",0,0,"0,1",0,0,"6,5"
15/12/2022,TEAM,5521,"35,2","26,9","0,1",0,"7,9","12,6",0,0,0,0,11,0,0,"0,1",0,0,"7,2"
30/11/2022,Areda Survey,2000,"39,4","23,7","0,1","1,2","9,6","11,3","0,8","0,1","0,6",0,"9,2","0,3",1,"0,6",0,0,"0,7"
30/11/2022,Artıbir,1500,"30,4","27,9","0,1","0,3","5,4","14,7","4,8","1,3","1,2",0,"10,1",0,"0,8","0,3",0,"1,1",0
29/11/2022,Aksoy,1537,"32,9","28,7","0,1",0,"7,8","13,9","0,7","0,7","0,6",0,"10,7",0,0,"0,1",0,0,"3,7"
27/11/2022,Yön09em,2400,"32,8","26,3","0,1","1,7","7,2","13,9","1,6",0,"0,8",0,"10,3","1,4","2,3","0,7",0,0,"1,1"
25/11/2022,Area,2005,"34,4","25,8","0,1",0,7,"14,6",3,1,1,0,"9,1",0,1,"0,1",0,0,"0,7"
24/11/2022,ASAL,2500,"37,7","24,4","0,1","1,4","8,7","11,2","1,2","0,8","0,8",0,"11,9",0,1,"0,6",0,0,"1,8"
23/11/2022,ORC,4280,"31,1","24,2","0,1","1,5","6,8","17,8","2,3","2,7",0,0,"10,8",0,0,"0,1",2,"1,5","2,7"
22/11/2022,MetroPOLL,2122,"36,5","24,7","0,1","1,2","8,2","11,2",0,0,"1,2",0,"7,7",0,0,"0,1",0,0,"4,3"
17/11/2022,ALF,2150,"29,4","28,1","0,1",1,"6,7","13,3","2,4","2,2",0,0,"10,7",0,"2,5","1,2","2,1","1,5","1,3"
8/11/2022,MAK,5750,"33,5","25,3","0,1","1,3","6,8","16,2","2,5","1,3","0,6",0,"9,8",0,"1,2","0,2","0,1","1,2",2
11/6/2022,Avrasya,2560,30,"30,6","0,1","1,2","6,8","13,3","3,4",0,0,0,"7,3",0,"1,8","0,1",0,0,"1,6"
4/11/2022,ORC,3420,"30,4",24,"0,1","1,1","6,5","17,6","2,5","2,6",0,0,"10,1",0,0,"1,2","2,1","1,9","2,9"
15/11/2022,SAROS,11028,"33,1","25,9","0,1","1,2","6,3","11,5","3,3",1,"0,8",0,"8,3","0,3","1,8","0,6",0,"0,6","2,6"
15/11/2022,BETİ03,2000,"38,3","22,2","0,1",2,"8,5","12,5","0,9","0,3","1,3",0,"11,2","0,7","1,9",1,0,0,"1,2"
28/10/2022,Yön09em,2400,"32,4","29,1","0,1",2,"5,8","12,4","1,6","0,4","0,8",0,"10,5","1,3","2,4","0,6",0,0,"1,1"
26/10/2022,ADA,3029,"40,2","22,6","0,1","2,4","8,6","10,4","1,1",0,"0,4",0,"9,2",0,"1,3","0,8",0,0,"1,5"
26/10/2022,Area,2376,"33,2","24,8","0,1",1,"8,7",16,"2,1",1,1,0,11,0,"1,4","0,1",0,0,"0,5"
24/10/2022,ALF,4100,"28,2","28,4","0,1",1,"6,2","14,5",2,"2,1",0,0,"7,1",0,"2,3","1,7","1,8","1,7",2
18/10/2022,MetroPOLL,2145,"36,3","23,2","0,1",0,10,"12,4","1,4",0,"1,3",0,"13,9",0,"0,7","0,1",0,0,"2,8"
18/10/2022,Artıbir,1500,"30,2","27,9","0,1","0,6","6,9","14,8","4,2","1,7","1,2",0,"10,7",0,"1,2","0,5",0,0,"1,2"
15/10/2022,MAK,5750,"32,7",26,"0,1","1,1","7,2","15,8","2,1","1,3","0,9",0,"10,6",0,"1,6","0,2","0,2","1,2",2
14/10/2022,ASAL,2312,"38,4","23,5","0,1","1,1","9,1",11,"1,4","0,9","0,9",0,"12,3",0,"1,5","0,7",0,0,"0,8"
13/10/2022,Piar,2524,"28,6","28,1","0,1","1,6","8,6","11,7","1,5","2,9","0,9",0,8,"0,9","2,7","0,1",0,"1,9","2,7"
10/10/2022,ORC,3680,"30,2","24,5","0,1",0,"6,3","18,7","2,4","3,5",0,0,"9,4",0,0,"0,1","1,5","1,8","3,8"
3/10/2022,TÜSİAR,5542,"36,3","24,1","0,1","1,9","7,1","11,1","2,2","1,7","1,1",0,"13,1","0,9","1,2",1,0,0,"1,3"
3/10/2022,ALF,2560,"28,6","29,1","0,1",0,6,"14,1","2,2",2,1,0,"10,1",0,"2,5","1,4",0,"1,8","4,8"
15/10/2022,Aksoy,1537,"31,7","28,1","0,1",0,"7,8","13,3","1,4","0,3","1,3",0,"10,3",0,0,"0,1",0,0,"4,9"
29/09/2022,Areda Survey,2000,38,25,"0,1",0,"10,1","10,2","1,2",0,"0,8",0,"10,1",0,0,"0,1",0,0,0
30/09/2022,Yön09em,2400,"31,1","28,4","0,1","1,8","7,1","13,5","2,4","0,3","0,6",0,8,"1,1","2,1","0,7",0,0,0
26/09/2022,Opti03,2231,"37,8","25,9","0,1","1,2","9,5","9,8",1,"0,5","0,6",0,"8,2",0,1,"0,5","0,6",0,"0,6"
21/09/2022,ORC,6190,"30,6","24,8","0,1",0,6,"19,4",2,"2,6",0,0,"11,1",0,0,"0,1","1,8","1,7","5,7"
20/09/2022,MetroPOLL,2119,"33,6","24,8","0,1","1,4","9,1","12,2","1,4",0,"0,8",0,"7,2",0,1,"0,1",0,0,"1,7"
20/09/2022,Area,3123,30,"27,1","0,1","1,1","8,7",15,"3,1","0,7",1,0,13,0,"1,5","0,1",0,0,"1,1"
18/09/2022,Piar,2608,"29,1","28,1","0,1","1,4","8,6","11,2","1,9","1,1","0,9",0,"9,9","0,8","3,5","0,1",0,"1,8","2,8"
14/09/2022,Artıbir,1500,"28,6","28,7","0,1","0,4","5,8","15,1","4,7","1,9","1,4",0,"10,1",0,"0,8","0,3",0,0,0
9/9/2022,ALF,3920,"27,2",28,"0,1",0,"6,2","16,9","2,5","1,3","1,1",0,"10,5",0,"2,3","1,4",2,"1,7","3,4"
9/1/2022,Yön09em,2403,"29,5","29,7","0,1",2,"6,4","13,5","1,7","0,3","0,8",0,"11,2","1,6","3,4","0,1",0,0,"1,7"
15/09/2022,SAROS,2025,"32,4","26,2","0,1",1,"7,4","12,5",3,"0,8","0,7",0,"9,1",0,"1,9","0,5",0,0,"0,5"
15/09/2022,Aksoy,1067,"29,7","29,1","0,1",0,"7,6","14,1","2,1",1,"1,1",0,"10,2",0,0,"0,1",0,0,"5,1"
31/08/2022,Bulgu,1800,"31,6",30,"0,1","2,2","6,1","13,1",2,"0,5","0,9",0,10,0,"2,2","0,8",0,0,"0,3"
30/08/2022,Area,2000,"30,6","28,2","0,1","1,5","7,5","14,6","3,5","0,7",1,0,"8,7",0,"1,8",0,0,0,"0,5"
28/08/2022,Avrasya,2000,"30,1","32,1","0,1","1,5",7,"12,1","4,1","0,4","0,8",0,10,0,"3,1","0,4",0,0,"0,4"
27/08/2022,ALF,4400,27,"28,3","0,1",0,"6,7","18,7","2,3","1,1",1,0,"10,6",0,"1,7","1,2","2,1",0,"1,7"
27/08/2022,Areda Survey,2000,"36,6","24,4","0,1","1,6","10,4",11,"1,3",0,"0,8",0,"10,8",0,"1,4","0,4",0,0,"0,9"
22/08/2022,ORC,5310,"27,3","25,1","0,1",0,"6,1","21,1","2,1","2,2","1,4",0,"11,2",0,0,0,"1,9","1,8","3,8"
17/08/2022,MetroPOLL,1717,"32,8","23,4","0,1",1,"6,9","13,9","3,3",0,"1,6",0,"10,1",0,"2,7",0,0,0,"1,3"
15/08/2022,Opti03,2000,"37,2",26,"0,1","1,5","9,5",10,1,"0,6","0,7",0,"10,3",0,"1,5",0,0,0,0
15/08/2022,ASAL,2500,"35,5","25,7","0,1","1,1","8,9","11,6","1,6","0,8","0,9",0,"10,8",0,"1,3","0,8","0,9",0,"0,8"
8/8/2022,Avrasya,2410,"28,5","29,9","0,1",0,"7,1","13,3","5,1","1,2","1,2",0,"7,6",0,"1,3",0,0,0,"1,9"
5/8/2022,Piar,2604,"28,1","28,5","0,1",0,"7,8","12,9",3,"3,5",0,0,"11,2",0,0,0,0,"1,8","3,2"
8/1/2022,Yön09em,2400,"29,6","29,4","0,1","2,3",6,"14,9","2,2","0,6","0,6",0,"10,7",1,"2,5",0,0,0,"1,8"
15/08/2022,ADA,5002,"37,3","24,5","0,1","1,2","7,7","10,3","1,6","0,8","1,2",0,"12,8",0,2,"1,1",0,0,"2,1"
15/08/2022,Aksoy,1067,"29,8",29,"0,1",0,"7,6","13,7",0,0,0,0,"8,5",0,0,0,0,0,10
15/08/2022,ALF,7450,"27,7","28,1","0,1","0,8","7,1",19,"2,1","1,4","0,9",0,"10,6",0,"1,6","1,1",0,0,"1,5"
31/07/2022,Aksoy,1067,"29,7","28,8","0,1",0,"7,8",14,"2,5","1,3","0,9",0,"10,4",0,0,0,0,0,"5,2"
30/07/2022,Areda Survey,2000,"35,6","24,3","0,1",0,"10,3","13,5",0,0,0,0,10,0,0,0,0,0,0
27/07/2022,Area,2000,"30,3","27,1","0,1","1,4","7,6","15,1",3,"0,5",1,0,"7,5",0,"2,1",0,0,0,"1,1"
16/07/2022,MetroPOLL,2091,"33,8",25,"0,1","1,1",6,"14,5","2,8",0,"1,7",0,"9,6",0,2,0,0,0,"1,9"
14/07/2022,Opti03,3481,"36,7","26,3","0,1",0,"9,5","11,1",0,0,0,0,"11,8",0,0,0,0,0,"6,3"
9/7/2022,Themis,2967,"35,3","25,4","0,1",0,"4,1","13,1","0,9","0,5","0,5",0,11,0,"7,2","1,6",0,0,"0,9"
8/7/2022,ASAL,2425,34,26,"0,1","1,2","8,9","11,9","1,8","0,8","0,8",0,"13,8",0,"1,3",0,0,0,"2,5"
4/7/2022,ORC,9330,"27,1",24,"0,1",0,7,"22,1","2,2",2,"1,3",0,"8,3",0,0,0,"1,8","1,7","3,2"
2/7/2022,Piar,11406,"27,8","29,6","0,1",0,"7,3",11,"3,8",3,0,0,"11,2",0,0,0,0,"2,3",4
7/1/2022,Avrasya,1460,"28,4","29,9","0,1",0,"6,1","13,4","5,3","1,2","1,5",0,"7,5",0,"1,3",0,0,0,"2,2"
15/07/2022,SAROS,1672,"32,5","25,9","0,1","1,3","7,7","14,1","2,1","0,6","0,7",0,"10,3",0,"0,9","0,5",0,0,"0,8"
15/07/2022,ALF,3400,"28,4","27,2","0,1","0,9","6,6","16,4","2,3",2,"1,7",0,"7,8",0,"1,3",0,"1,9","1,6","1,2"
30/06/2022,Areda Survey,2000,"36,3","24,2","0,1",1,"10,2","12,5","0,9","0,1","0,4",0,"12,4",0,"2,8","0,3","0,1",0,"0,5"
28/06/2022,Yön09em,2704,"27,1","27,7","0,1","2,1","8,2",16,2,"0,4","0,9",0,"11,6",1,"2,8",0,0,0,"1,4"
28/06/2022,Opti03,1613,36,26,"0,1","0,9",10,"10,3","1,6","0,4","0,8",0,"10,2",0,"1,9","0,6",1,0,"0,6"
24/05/2022,SONAR,3100,"32,3","23,1","0,1","1,1","7,1",19,"1,7",0,0,0,"9,2",0,"1,3","1,4","1,2",0,"4,3"
21/06/2022,Objektif,9960,"29,1","30,2","0,1",0,"6,1","14,2","3,6","1,7","1,6",0,10,0,"1,6",0,0,0,"2,3"
15/06/2022,MetroPOLL,2123,"33,3","23,6","0,1","0,7","5,4","16,8","1,9","0,8","1,7",0,"10,2",0,2,"0,9",0,0,"1,1"
14/06/2022,ASAL,3000,"32,5","26,5","0,1","1,4","8,1","12,8","2,3","1,2","1,1",0,"11,2",0,0,0,0,0,"3,1"
12/6/2022,Sosyo Politik,1563,30,"28,7","0,1",0,"4,8","15,7","4,5","1,4","1,1",0,"11,1",0,0,0,0,"1,6",0
8/6/2022,ALF,4100,"27,2","25,1","0,1","1,3","6,8","19,4","2,4",2,"1,7",0,"12,3",0,0,0,0,0,"5,8"
7/6/2022,Piar,2610,"30,4","24,8","0,1",0,"7,8","15,5","3,1",0,0,0,"13,8",0,"2,4",0,0,"1,4","3,4"
5/6/2022,ORC,4620,"27,7","23,8","0,1","0,8","7,1","20,6","1,9","2,1","1,7",0,10,0,0,"1,1","1,7","1,6","2,4"
4/6/2022,Yön09em,2700,"29,8","29,5","0,1","2,3","6,9","13,2","2,3","0,2",1,0,"8,1","0,8","1,8","0,2",0,0,"1,9"
15/06/2022,MAK,5750,"27,8","25,7","0,1","1,1","6,3","18,4","2,9","2,9","0,9",0,"12,2",0,2,"0,2",0,0,4
15/06/2022,Artıbir,1500,"29,1","28,2","0,1","0,4","5,9","14,9","4,6","2,1","1,6",0,"10,1",0,"0,5","0,3",0,0,0
15/06/2022,Polimetre,2000,29,"23,8","0,1",0,"8,6","11,4","6,9",4,"1,6",0,"7,8",0,0,"0,2",0,0,"2,4"
15/06/2022,Aksoy,1067,"29,4","28,9","0,1",0,8,"13,7","2,6","0,6","1,3",0,"8,6",0,0,"0,2",0,0,"5,4"
6/1/2022,Avrasya,1500,"29,5","30,7","0,1","1,1","5,4",13,"4,8","1,8","1,1",0,"11,8",0,"1,6","0,2",0,0,"1,8"
31/05/2022,Bulgu,1800,"29,3","27,9","0,1","1,9","6,8","15,3",2,"0,6","0,1",0,"8,7",0,"4,1","0,2",0,0,2
30/05/2022,Areda Survey,2000,"36,6",24,"0,1","0,8","10,1","12,8",1,"0,2","0,6",0,"10,4",0,"2,3","0,8",0,0,"0,7"
29/05/2022,Gezici,2000,"35,4","26,7","0,1","1,3","8,8","11,2","2,1","1,2",0,0,"9,7",0,0,"0,2",0,0,"2,1"
27/05/2022,Area,2282,"29,3",28,"0,1",0,8,"16,3","3,4",1,1,0,"12,8",0,"1,2",0,0,0,"0,7"
23/05/2022,Artıbir,1500,"29,4","27,3","0,1","0,5","6,3","14,6","4,8","2,4","1,7",0,"10,3",0,"0,4","0,3",0,0,0
20/05/2022,MetroPOLL,2045,"32,7","22,6","0,1",1,8,"15,1","1,3",0,"1,6",0,"9,1","0,6","1,8","0,8",0,0,"0,7"
18/05/2022,Remres,4806,30,"27,2","0,1",0,"5,6","19,2","1,3","0,8",0,0,"9,4",0,"4,7",0,0,0,0
17/05/2022,ALF,3550,"28,5","24,3","0,1","1,2","7,1",19,"2,3","2,1","1,6",0,"9,9",0,0,1,1.8,1.5,"1,5"
15/05/2022,KONDA,3260,"28,7","24,7","0,1",0,"7,5","21,7",0,0,0,0,"10,2",0,0,0,0,0,"5,2"
15/05/2022,Opti03,2519,"35,9","26,2","0,1","0,9","10,4","10,7","1,1","0,4","0,8",0,"12,6",0,"1,1","0,5",0,0,"1,8"
15/05/2022,MAK,5750,"28,3","27,1","0,1","0,9","6,6","16,1","3,1","2,8","1,1",0,"8,4","1,8","1,8","0,4",0.2,1.4,"0,6"
12/5/2022,SONAR,2840,"32,5","24,4","0,1","1,6","7,2",15,2,0,0,0,"10,5",0,0,"1,6",0,0,"7,1"
9/5/2022,Piar,2584,"34,3","23,3","0,1",0,"8,2","10,9","1,8",0,"1,2",0,"12,3","1,1",3,0,0,"1,4",3
8/5/2022,ORC,5300,28,"24,1","0,1","1,4","7,2","18,4",2,"2,1","1,6",0,"8,5",0,0,"1,1","1,6","1,3","2,5"
8/5/2022,ASAL,2400,"35,1","25,8","0,1",0,9,"12,3","1,8","0,7",1,0,"10,4",0,0,0,0,0,"3,9"
15/05/2022,Aksoy,1067,"30,1","28,8","0,1",0,"8,3","13,2","2,2","0,7","1,4",0,"11,6",0,0,0,0,0,"5,6"
15/05/2022,SAROS,2987,"31,9","26,8","0,1","1,4","7,7","12,2","2,8","1,4","0,7",0,"10,5",0,0,0,0,0,"2,3"
15/05/2022,Yön09em,2400,"31,2","29,4","0,1",0,"7,4","12,3","1,9",0,1,0,"11,2",1,"2,4",0,0,0,"3,1"
15/04/2022,ALF,4750,"29,2",25,"0,1",0,"7,4","16,1","2,1",2,"1,7",0,"13,2",0,"0,7","1,1","1,5","1,1",3
28/04/2022,Areda Survey,2000,"36,9","25,1","0,1","1,3","10,1","11,8","0,9","0,2",1,0,"11,9",0,"1,1","0,7","0,4",0,"1,1"
15/04/2022,Avrasya,2460,"29,5","30,5","0,1",0,"5,7","12,6","4,7","1,9","0,9",0,10,0,"2,2",0,0,0,2
15/04/2022,Opti03,1847,"36,2","26,6","0,1","0,6","10,1","10,6","1,1","0,6","0,8",0,"9,1",0,"0,5","0,6","0,7",0,"1,3"
30/04/2022,Artıbir,1500,"29,7","27,2","0,1","0,7","6,2","14,2","4,6","2,3","1,8",0,"10,9",0,"0,3","0,4",0,0,0
28/04/2022,MAK,5750,"29,3","27,1","0,1",0,"7,1","15,1","3,2","2,8","1,3",0,"10,1",0,0,0,0,0,"5,7"
25/04/2022,Area,2450,30,27,"0,1","0,6","8,1",16,"2,2","0,5","0,7",0,"10,6","1,2","0,4","0,3","0,5",0,"1,9"
15/04/2022,MetroPOLL,2164,"32,1","22,4","0,1","1,3","7,3","18,6",2,"0,6","1,4",0,13,0,"0,6",0,0,0,"1,4"
22/04/2022,ORC,4385,"28,1","24,3","0,1","1,3","7,8","17,3","2,1","2,3","1,6",0,"10,3",0,"0,8","0,9","1,5","1,2","2,3"
15/04/2022,Aksoy,1067,"30,4","28,9","0,1",0,"7,3","13,3","2,7","1,4","1,1",0,"8,8",0,0,0,0,0,"4,4"
15/04/2022,İEA,1500,"32,3","25,9","0,1",0,"6,7","16,8","1,7","0,5","1,2",0,"10,4",0,"0,5",0,0,0,"2,9"
10/4/2022,ASAL,2100,"35,9","25,1","0,1","1,4","9,1","11,8","1,9",1,"1,3",0,"9,9",0,0,0,0,0,2
15/04/2022,Sosyo Politik,2010,"33,4","30,2","0,1",0,"7,1","12,4","3,8","1,4","0,6",0,"9,7",0,0,0,0,0,0
15/04/2022,Artıbir,2000,"29,5","27,4","0,1",0,"6,7","14,2","4,3","2,1","1,6",0,"8,4",0,0,0,0,0,1
4/4/2022,Piar,2584,34,"24,5","0,1",0,9,"10,3","2,3",0,"1,6",0,"8,9","1,1","1,5",0,0,"1,3","2,5"
3/4/2022,Yön09em,2400,"31,2","28,6","0,1","1,8","7,8","14,5","2,6","0,5","0,7",0,"11,6","1,3",0,0,0,0,1
4/3/2022,ORC,3540,"28,4","23,2","0,1","1,2","8,2",17,"2,7","3,2","1,5",0,"9,8",0,0,1,"1,4","0,6","2,5"
15/03/2022,Areda Survey,2000,"38,1","23,2","0,1","0,7","10,3","11,6","1,7",0,"0,7",0,"11,2",0,0,1,"0,1",0,"1,7"
29/03/2022,Avrasya,2460,"30,8","31,5","0,1","0,9","5,7","12,6","3,5","0,8","0,8",0,"11,8","0,8","0,8","0,7",0,0,"2,6"
15/03/2022,Bulgu,2000,"32,4","26,2","0,1","1,5","7,4","12,8","1,8","0,5","0,7",0,"12,6","1,2",0,0,0,0,"4,9"
15/03/2022,MetroPOLL,1535,"34,3","24,1","0,1","1,2","4,9","16,1","2,2","0,7","1,4",0,"13,4",0,0,0,0,0,"2,1"
23/03/2022,Area,2500,"31,1","27,3","0,1",0,"8,3",16,"3,1",1,1,0,"10,1",0,0,0,0,0,"1,9"
15/03/2022,MAK,5750,"30,4","26,2","0,1","0,7","7,1","14,8","3,4","2,8","1,3",0,"10,6",0,0,"0,4","0,1","1,2","2,8"
18/03/2022,ASAL,1580,"34,5","26,1","0,1","0,7","8,6","12,3",2,"1,3","1,2",0,"8,2",0,0,"0,9","0,7",0,"1,3"
15/03/2022,Aksoy,1067,"29,8","28,4","0,1",0,"8,6","13,6","2,9",1,1,0,"6,4",0,0,0,0,0,"4,7"
16/03/2022,Opti03,2002,"38,7","25,1","0,1",0,"10,5",11,"1,1","0,6","1,1",0,"9,1",0,0,"0,5","0,8",0,"0,7"
15/03/2022,ALF,3200,"28,7","24,2","0,1","0,9","8,1","16,1","3,6","4,1","1,6",0,"8,1",0,0,0,"1,5",1,"1,8"
15/03/2022,ORC,7290,"28,1","23,8","0,1","0,9","8,7","16,8",3,"3,5","1,6",0,"8,7",0,0,"0,8","1,4",0,"2,5"
15/03/2022,İEA,1500,"31,9","25,9","0,1",0,"7,8","15,2","2,7","1,2","1,6",0,"12,1",0,0,0,0,0,"2,1"
6/3/2022,Yön09em,2488,32,"30,3","0,1",1,"6,9","12,9","2,8","0,4",1,0,"9,7",1,0,"0,4",0,0,"2,5"
15/03/2022,İlgi,2000,"30,9","25,9","0,1",0,"9,2","13,4",0,0,0,0,"10,5",0,0,0,0,0,0
15/03/2022,Piar,2608,"32,7","25,7","0,1",0,"9,3","11,2","2,9","1,4","1,5",0,"9,7","0,9",0,0,0,"0,9","2,6"
3/1/2022,Avrasya,2460,"28,1","28,4","0,1",0,"5,5",13,"5,4","1,9","1,6",0,"12,6","0,9",0,"0,6",0,"0,7","2,2"
15/03/2022,Artıbir,2000,"29,8","27,2","0,1",0,"6,8","14,1","4,2","1,9","1,6",0,"8,4",0,0,0,0,0,1
28/02/2022,Gezici,2000,"30,4","28,2","0,1",1,"9,2","11,3","2,2","1,4","0,8",0,11,"0,4","1,2","1,2","0,9",0,"3,3"
25/02/2022,Area,2460,"33,1",28,"0,1",0,"8,1","14,2",3,0,"0,8",0,"12,9",0,0,0,0,0,"1,4"
15/03/2022,Aksoy,1067,"28,8","13,7","0,1",0,"2,8","10,6",1,1,0,0,"13,5","3,5",0,0,0,0,0
17/02/2022,MetroPOLL,1535,"26,7",13,"0,1",0,"3,1","12,6",0,"2,4",0,0,"11,5","3,1","0,9",0,"1,1",0,0
18/02/2022,MAK,5750,"30,4","25,5","0,1","0,7","7,2","14,8","3,4","2,6","1,3",0,"10,2",0,0,"0,4","0,2","1,1","2,6"
13/02/2022,ORC,5130,30,"24,1","0,1","0,9","9,4","15,1","2,6","4,2","1,5",0,"11,1",0,0,1,"1,4","0,9","0,8"
15/03/2022,ALF,7250,"30,2","25,1","0,1","0,7","8,5","13,8","3,4",4,"1,6",0,"10,6",0,0,"0,8",0,0,"3,2"
15/03/2022,Piar,2604,"32,8","26,3","0,1",0,"8,9","11,1","3,2",0,"1,5",0,"8,4",0,0,0,0,0,"4,1"
15/03/2022,Opti03,2000,"36,5","26,7","0,1","0,7","10,2","10,9","1,3","0,5","0,7",0,"9,3",0,0,"0,8","1,1",0,"0,9"
10/2/2022,ASAL,1502,"32,9","26,4","0,1","0,9","8,1",12,"2,5","1,3","1,4",0,11,0,0,"1,1",1,0,"1,9"
10/2/2022,Yön09em,2000,"32,9","31,8","0,1","1,5","4,8","12,8","2,3","0,7","0,7",0,"8,5",0,0,"0,6",0,0,"2,2"
7/2/2022,İEA,1500,33,"28,4","0,1",0,"8,4","13,3","2,1","0,8","0,5",0,"12,2",0,0,0,0,0,1
15/01/2022,ALF,2000,"30,9","24,8","0,1",0,"8,8","13,5",0,0,0,0,"11,8",0,0,0,0,0,0
15/01/2022,BUPAR,2000,"30,5","27,9","0,1",0,7,"15,5","2,5",1,"1,5",0,10,0,0,0,0,0,1
31/01/2022,Avrasya,1860,"26,3","28,4","0,1",0,6,"12,4","5,9","1,8","1,7",0,"8,4","0,9",0,"1,1",0,"0,8","2,7"
15/01/2022,Artıbir,2000,"31,2","26,8","0,1",0,"7,1","14,2","3,9","1,7","1,6",0,"9,2",0,0,0,0,0,"1,6"
15/01/2022,Gezici,2000,"31,3","27,2","0,1",1,"8,1","12,1","2,1","1,4","1,2",0,"11,5","0,2","1,1","1,3","0,2",0,"2,6"
29/01/2022,Area,2102,32,"27,1","0,1",0,"8,2","15,4","3,3",0,0,0,"11,5",0,0,0,0,0,"3,8"
15/01/2022,MetroPOLL,1508,"35,1","28,2","0,1",0,"5,8",13,"2,5",0,0,0,"11,5",0,0,0,0,0,"4,3"
15/01/2022,Aksoy,1067,"30,1","28,9","0,1",0,"7,9","13,6","2,7","1,3",1,0,"11,5",0,0,0,0,0,"3,9"
22/01/2022,ORC,5420,"29,7","24,3","0,1","1,1","9,1","14,2","2,8","3,6","1,7",0,"11,5","0,2",0,"1,2","1,5","0,8","1,6"
17/01/2022,MAK,5750,"31,9","24,4","0,1","0,7","7,2","15,1","3,4","2,6","1,3",0,"11,5",0,0,"0,5","0,3","0,8","2,5"
14/01/2022,Avrasya,1260,"30,6","28,6","0,1",0,"5,8","11,3","5,6","1,5","1,1",0,"11,5","0,9",0,"0,9",0,"0,8","2,8"
13/01/2022,İEA,2000,"25,7","15,2","0,1",0,"2,7","9,6","1,6","1,1",0,0,"11,5","2,7",0,"0,7","0,5",0,0
15/01/2022,Themis,1279,"32,9","23,1","0,1",0,"6,8","11,6","3,1","2,6","1,9",0,"11,5",0,"2,4","1,9",0,0,"2,1"
15/01/2022,TEAM,1594,"38,2","26,4","0,1",0,"7,6",12,0,0,0,0,"11,5",0,0,0,0,0,"4,1"
9/1/2022,ASAL,1725,"36,7","23,8","0,1","0,8","8,9","11,9","1,5",1,"1,1",0,"11,5",0,0,"1,2","1,1",0,2
8/1/2022,ORC,7100,"30,2","24,2","0,1","0,8","8,5","15,3","2,9","3,1","1,6",0,"11,5",0,0,"1,3","1,4","0,7",1
7/1/2022,Yön09em,2000,"32,3","31,5","0,1","1,7","6,1","12,6","1,9","0,3","1,2",0,"11,5",0,0,0,0,0,"3,2"
1/2/2022,Sosyo Politik,1876,"32,8","27,8","0,1",0,"7,6","12,5","3,5","2,5","0,8",0,"11,5",0,0,0,0,0,"0,8"
27/12/2021,ORC,3675,"30,8","25,1","0,1",0,"8,6","15,5",3,"3,2","1,5",0,"8,3",0,0,"1,2",0,0,"1,5"
27/12/2021,Avrasya,2460,29,"28,1","0,1",0,"6,8","12,5","6,1",2,"1,6",0,"11,5",0,0,0,"1,3",0,"1,1"
27/12/2021,MAK,2850,"32,7","23,3","0,1","0,7","7,4","14,7","3,3","2,8","1,4",0,"9,1",0,0,"0,7",0,0,0
27/12/2021,Area,2000,"30,5","27,2","0,1",0,9,"15,8",4,0,0,0,10,0,0,0,"0,6","0,4","2,5"
15/12/2021,Avrasya,1260,"28,4","29,4","0,1",0,"6,8","12,6","5,8","2,4","1,4",0,11,0,0,0,0,0,"2,2"
15/12/2021,MetroPOLL,1514,"32,3","27,4","0,1",0,"5,3","14,2","2,6","1,1","1,5",0,"11,9",0,0,"1,6",0,0,"2,3"
10/12/2021,ASAL,1500,"35,9","23,1","0,1","0,8","8,6","12,7","1,8","1,1","0,9",0,"10,4",0,0,"1,5","1,2",0,2
9/12/2021,ORC,3920,"30,3","25,5","0,1","0,5","8,8","15,9","3,3",3,"1,4",0,"8,1",0,0,1,"1,2",0,1
15/12/2021,Aksoy,1067,"30,8","28,9","0,1",0,"8,4","13,8","2,5","1,1","1,2",0,"9,8",0,0,0,0,0,"3,62"
4/12/2021,Yön09em,2002,"30,6","32,2","0,1",0,"6,5","13,3","1,9","0,4","1,1",0,"9,8",0,0,"0,5",0,0,"3,7"
12/3/2021,Avrasya,1260,"27,6","30,4","0,1",0,"6,5","12,9",6,"2,6","1,3",0,11,0,0,0,0,0,"1,7"
15/11/2021,MetroPOLL,1514,"34,3","22,6","0,1",0,"6,6","14,9","2,9",0,"1,5",0,"12,8",0,0,2,0,0,"2,5"
15/11/2021,TEAM,2686,"34,6","28,2","0,1",0,"9,3",12,"1,6","0,9",0,0,"11,1",0,0,0,0,0,"2,3"
30/11/2021,Area,1514,30,"28,2","0,1",0,"9,1",14,"4,4",0,0,0,10,0,0,0,0,0,"4,4"
18/11/2021,MAK,5750,"31,4","24,5","0,1","0,9",8,"14,9","2,6","2,6","1,4",0,"9,6",0,0,"0,8","0,4",0,"2,9"
15/11/2021,Opti03,2000,"37,5","25,3","0,1",0,10,"10,2","1,3",0,0,0,"10,1",0,0,0,0,0,0
15/11/2021,ORC,2000,"30,9","25,7","0,1",0,"9,1","15,5","3,7","2,5","1,3",0,"8,4",0,0,0,0,0,"2,9"
17/11/2021,Avrasya,1260,"28,4","30,1","0,1",0,"7,3","11,9","5,9","2,6","1,2",0,"10,3",0,0,"0,5",0,0,"1,7"
14/11/2021,ASAL,1712,"37,6","25,1","0,1",0,"9,3","10,7",0,0,0,0,"9,1",0,0,0,0,0,"8,2"
6/11/2021,İEA,1510,"29,9","26,6","0,1",0,"7,5","16,7","2,4","1,2","1,1",0,"12,7",0,0,0,0,0,"2,4"
11/3/2021,Yön09em,2000,"31,8","30,3","0,1","1,1","6,4","13,1","1,2","0,7","0,8",0,"10,6",0,0,0,0,0,4
15/10/2021,Piar,2520,"30,6","26,6","0,1",0,"8,7","12,4",6,0,"1,3",0,"11,5",0,0,0,0,0,"2,9"
15/10/2021,MetroPOLL,1568,"32,6","25,2","0,1",0,"7,4","14,3","2,7",0,"1,7",0,"11,8",0,0,"1,6",0,0,"2,9"
15/10/2021,Area,1580,"34,7","27,7","0,1",0,"8,8","12,7","3,1",0,0,0,"8,7",0,0,0,0,0,"4,2"
15/10/2021,Artıbir,2000,"30,1","26,9","0,1",0,"7,2","15,4","3,7","1,9","1,4",0,"11,3",0,0,0,0,0,"2,1"
28/10/2021,Avrasya,2460,"28,6","28,5","0,1",0,7,"13,2","5,7",3,"1,3",0,10,0,0,"0,5",0,0,"2,7"
27/10/2021,ORC,2850,"31,3",26,"0,1",0,"9,8","14,1","5,1","2,4","1,1",0,8,0,0,0,0,0,"2,2"
15/10/2021,ASAL,2000,"36,8","22,7","0,1","0,7","10,1","11,5","1,5","1,2","0,8",0,"10,7",0,0,"1,7",0,0,"2,3"
15/10/2021,Bulgu,1808,"32,4","27,9","0,1","1,6","8,4","13,8","2,8","1,4","1,4",0,"8,3",0,0,"0,5",0,0,"1,5"
21/10/2021,MAK,2000,32,"23,5","0,1",0,8,"14,7","2,7","2,6","1,4",0,9,0,0,1,0,0,"5,1"
15/10/2021,İEA,1500,"32,7","24,3","0,1",0,"7,4","16,4","2,6","1,7","1,1",0,"12,5",0,0,0,0,0,"1,4"
15/10/2021,Areda Survey,2000,"38,5","25,3","0,1",0,"9,9","12,1","1,7","1,1",0,0,"9,2",0,0,0,0,0,"2,2"
14/10/2021,Avrasya,2000,"28,9","28,7","0,1",0,"6,6","13,5","5,5","2,7","1,3",0,"10,6",0,0,0,0,0,"2,2"
5/10/2021,ORC,2000,"31,9","25,9","0,1",0,"9,4","13,1","4,7","2,9",0,0,"8,1",0,0,0,0,0,4
15/09/2021,MetroPOLL,1638,"31,7","25,8","0,1",0,10,"14,3","2,6","1,7",0,0,11,0,0,0,0,0,3
15/09/2021,Aksoy,2000,"30,8","28,2","0,1",0,"8,6","13,8","2,9","1,1","0,6",0,10,0,0,0,0,0,4
27/09/2021,Opti03,1938,39,24,"0,1","0,8","10,9","9,9","0,7","0,4","0,6",0,"9,1",0,0,"2,1","1,6",0,"0,9"
15/09/2021,KONDA,2000,"32,7","24,8","0,1",0,"8,9","19,3",0,0,0,0,"11,7",0,0,0,0,0,"2,6"
15/09/2021,Sosyo Politik,2000,"32,3","30,9","0,1",0,"7,8","12,1","1,8","1,1","0,8",0,"11,3",0,0,0,0,0,"1,9"
15/09/2021,Avrasya,1480,"28,2","27,3","0,1",0,"7,1","13,9","5,3","2,5","1,2",0,"10,3",0,0,1,0,0,"1,1"
15/09/2021,GRIStatistics,1050,31,"24,5","0,1",0,7,"16,3","4,2","2,4","0,9",0,"9,3",0,0,"0,9",0,0,"3,4"
15/09/2021,MAK,5700,33.8,"23,8","0,1","0,9","7,7","14,6","2,8","2,8","1,3",0,"7,9",0,0,"0,9","0,4",0,"1,7"
15/09/2021,Piar,2405,"33,2","23,7","0,1",0,"9,4","14,1","4,4",0,"1,1",0,"10,9",0,0,0,0,0,"3,2"
15/09/2021,İEA,2000,"29,9","25,7","0,1",0,"9,4","15,3","2,7","1,9","1,1",0,"11,7",0,0,0,0,0,"2,2"
5/9/2021,ORC,4180,"32,1","25,3","0,1",0,"9,7","12,7","4,5","2,5","1,2",0,"7,9",0,0,"1,6","0,8",0,"1,7"
15/08/2021,Yön09em,2000,"31,5","27,1","0,1",0,"8,2","14,7","1,7","0,6","1,1",0,"10,3",0,0,"0,6",0,0,"3,6"
29/08/2021,GRIStatistics,2000,"32,1","26,5","0,1",0.4,"7,3","15,6","3,8",1,"0,8",0,10,0,0,"1,3",0,0,"1,2"
23/08/2021,MetroPOLL,1717,"32,2","23,5","0,1",0,"11,3","14,6","0,9",0,"1,5",0,"12,4",0,0,"1,2",0,0,"2,4"
15/08/2021,Avrasya,2460,"28,3","26,6","0,1",0,"7,1","14,1","5,8","2,7","1,3",0,"9,6",0,0,"1,3",0,0,"3,2"
15/08/2021,Area,2000,"33,4","24,9","0,1",0,"9,1","15,4",0,0,0,0,"10,9",0,0,0,0,0,"6,4"
14/08/2021,MAK,5700,"33,9","22,7","0,1",0,"7,7","14,7","2,7","2,9","1,5",0,"8,4",0,0,0,0,0,"2,9"
15/08/2021,Avrasya,2000,"30,3","28,3","0,1",0,"7,2","13,9","4,5",2,"1,5",0,"9,9",0,0,0,0,0,"2,4"
15/08/2021,İEA,2000,"32,4","23,2","0,1",0,"7,5","16,8","2,3",1,"0,9",0,"11,4",0,0,0,0,0,"1,4"
8/3/2021,Aksoy,1067,"30,6","28,7","0,1",0,8,"13,3","2,6","1,7","0,8",0,"9,3",0,0,0,0,0,"4,8"
30/07/2021,Yön09em,3040,"34,6","28,4","0,1",0,"6,9","14,3","1,4","0,4","0,8",0,"9,2",0,0,"0,4",0,0,"3,6"
30/07/2021,Aksoy,2000,"32,2","27,7","0,1",0,"8,1","13,9","2,8","1,2","1,3",0,10,0,0,0,0,0,"2,8"
30/07/2021,Avrasya,2460,"29,4","25,9","0,1",0,"7,4","14,4","4,6","2,3","1,3",0,11,0,0,"1,1",0,0,"2,6"
30/07/2021,MetroPOLL,2000,"37,1","24,1","0,1",0,"9,2","12,9","1,1",0,"1,5",0,"12,3",0,0,0,0,0,"1,8"
15/07/2021,Area,2000,"35,2","23,7","0,1",0,10,"14,4","3,2",0,0,0,"10,1",0,0,0,0,0,"3,3"
15/07/2021,ORC,4520,"33,4",25,"0,1","0,8","9,8","12,5","2,2","2,9","1,3",0,8,0,0,"1,5",1,0,"1,6"
15/07/2021,Opti03,1726,"40,5",24,"0,1","0,3","10,6","9,9",0,0,0,0,"8,6",0,0,0,1,0,0
15/07/2021,İEA,2000,"35,5","23,2","0,1",0,"7,5","16,8","2,3",1,"0,9",0,"11,4",0,0,0,0,0,"1,4"
15/06/2021,Yöneylem,3848,"35,4",27,"0,1",0,"8,5","12,9","1,4","0,4",1,0,"10,4",0,0,0,0,0,3
15/06/2021,MetroPOLL,1740,"38,4","24,3","0,1",0,"6,8","13,5","1,6","0,9",2,0,"10,6",0,0,0,0,0,"1,9"
15/06/2021,Artıbir,1500,"31,4","27,5","0,1",0,"7,4","14,1",3,"1,9",1,0,"12,7",0,0,"0,2","0,1",0,"0,3"
15/06/2021,Avrasya,2000,"29,4","26,9","0,1","0,1","7,1",15,"4,5",2,"1,4",0,"11,1",0,0,"0,8","0,6",0,"1,1"
15/06/2021,Sosyo Politik,1008,"32,1","29,6","0,1",0,"7,1","13,8","3,2","1,3","0,2",0,"12,7",0,0,0,0,0,0
15/06/2021,MAK,2850,"34,3",23,"0,1",0,"8,4","13,6","2,2","2,8","1,8",0,"9,2",0,0,0,0,0,"3,6"
15/06/2021,Aksoy,1067,"31,6","27,5","0,1",0,"8,2","13,6","2,9",2,1,0,"9,6",0,0,0,0,0,"3,7"
15/06/2021,İEA,2000,"34,4","22,3","0,1",0,"9,5","16,2","2,2","0,9","0,8",0,"12,7",0,0,0,0,0,1
15/06/2021,ORC,8350,"33,9","25,3","0,1","0,7","10,4",12,"2,1","1,6","1,4",0,"8,1",0,0,"1,6","1,1",0,"1,8"
15/06/2021,Avrasya,2460,"29,5","26,9","0,1","0,2","8,3","14,7","4,1","1,5","1,2",0,11,0,0,0,0,0,"2,6"
15/06/2021,Remres,2853,34,"22,9","0,1",0,"9,9","13,8","2,7",1.7,"1,9",0,"9,6",0,0,"2,5",0,0,0
29/05/2021,PIAR,2411,"34,8","22,7","0,1",0,"10,2","14,8","2,2","1,2","1,2",0,"10,7",0,0,"1,5",0,0,"0,7"
15/05/2021,Area,2000,"35,1","23,1","0,1",0,"10,1","14,1","2,5",1,"1,3",0,"10,1",0,0,"1,7","1,1",0,"0,2"
15/05/2021,Aksoy,1067,"32,3","26,3","0,1",0,"9,1",13,"2,5","1,3","1,7",0,"9,9",0,0,0,0,0,"3,9"
28/05/2021,Avrasya,2480,"31,5","26,2","0,1",0,"7,9","13,1","2,5","2,1","1,3",0,"11,9",0,0,"1,6",0,0,"1,9"
9/5/2021,İEA,1506,"33,9","22,5","0,1",0,"8,6","15,8",3,"1,1","0,9",0,"11,9",0,0,0,0,0,"2,2"
15/05/2021,Aksoy,1067,"32,7","26,1","0,1",0,"10,2","12,6","2,4","1,9","1,3",0,"10,1",0,0,0,0,0,"2,7"
15/05/2021,Yön09em,3605,36,"26,7","0,1",0,"7,8","13,5","1,4","0,5","0,7",0,"10,2",0,0,0,0,0,"3,2"
15/04/2021,Avrasya,2000,32,"26,8","0,1",0,"7,5","13,6",3,3,"1,3",0,"11,3",0,0,0,0,0,"1,5"
15/04/2021,MetroPOLL,1719,"34,1",23,"0,1",0,11,"13,5","2,8","1,8",2,0,"10,6",0,0,0,0,0,"1,3"
15/04/2021,Area,2000,"34,4","25,3","0,1",0,"8,8","14,6","3,1",1,1,0,"10,3",0,0,0,0,0,"1,5"
15/04/2021,Objektif,20.000+,"33,7",26,"0,1",0,"7,2","13,6","2,9",3,"1,3",0,"10,7",0,0,0,0,0,"1,6"
15/04/2021,Avrasya,2000,"32,5","27,3","0,1",0,"7,6","13,1",3,3,"1,8",0,"10,1",0,0,0,0,0,"1,6"
15/04/2021,Aksoy,2000,"34,7","25,9","0,1",0,"8,3","12,8","2,2","1,7","1,2",0,"10,7",0,0,0,0,0,"2,4"
15/04/2021,İEA,1500,"36,1","23,3","0,1",0,"8,6","15,3","2,7","1,1","0,7",0,"11,3",0,0,0,0,0,"0,9"
15/04/2021,SAROS,2000,"37,2","20,6","0,1",0,"10,3","9,4","3,6","2,5","1,2",0,"12,9",0,0,0,0,0,"2,7"
15/03/2021,Yön09em,2000,"38,6","23,2","0,1",0,"8,7","12,6","1,9","0,6","0,8",0,"10,7",0,0,0,0,0,"2,9"
31/03/2021,Avrasya,2460,"33,2","26,8","0,1",0,"6,9","13,8","2,9","3,1","1,3",0,"9,7",0,0,0,0,0,"2,3"
15/03/2021,Area,2000,"35,1",24,"0,1",0,"9,4",14,"1,6","1,2","1,9",0,12,0,0,0,0,0,"0,7"
15/03/2021,MetroPOLL,1752,"38,2","23,3","0,1",0,"9,5","12,1","1,6",0,"1,2",0,"11,1",0,0,0,0,0,3
15/03/2021,Opti03,2000,"38,4","24,4","0,1","0,3","10,5","10,3","1,3","0,3","0,7",0,"11,5",0,0,0,"1,1",0,"1,5"
15/03/2021,Avrasya,2000,"34,4","26,2","0,1","0,2","7,2","13,9","2,7","2,8","0,8",0,"9,6",0,0,0,"0,9",0,"1,3"
15/03/2021,İEA,2000,"35,4",22,"0,1",0,"8,3","16,5","2,9","1,2","1,2",0,"11,3",0,0,0,0,0,"1,4"
15/03/2021,Yön09em,2000,"38,6","23,2","0,1",0,"8,7","12,6","1,9","0,6","0,8",0,"10,7",0,0,0,0,0,"2,9"
15/03/2021,Aksoy,2000,36,"26,3","0,1",0,"9,9","13,5","2,1","1,9","1,1",0,"8,7",0,0,0,0,0,"0,5"
15/03/2021,Avrasya,2000,"34,8","26,2","0,1","0,4",7,"13,1","2,5","2,7","0,7",0,"9,1",0,0,0,"1,6",0,"1,9"
15/03/2021,MetroPOLL,2000,"39,4","22,1","0,1",0,"9,1","12,1","1,9",0,"1,4",0,"11,3",0,0,0,0,0,"1,5"
15/03/2021,Area,2000,"36,1","24,1","0,1",0,10,14,"1,6","1,4","1,3",0,"10,1",0,0,0,"2,4",0,"1,9"
15/03/2021,Areda Survey,2486,"41,7","21,8","0,1",0,"11,6","10,3","1,8","0,4","0,8",0,"9,3",0,0,0,0,0,"2,4"
19/02/2021,ORC,3165,"36,8","22,3","0,1",0,"11,6","10,8","2,1","2,6","1,3",0,"8,2",0,0,0,0,0,"4,3"
15/03/2021,Aksoy,2400,"35,2","26,5","0,1",0,9,"12,9","2,5",1,"1,5",0,"9,9",0,0,0,0,0,"1,4"
10/2/2021,Avrasya,1160,"34,1","27,3","0,1",0,"7,5",14,"2,4","2,7","1,4",0,"10,1",0,0,0,0,0,"0,5"
15/03/2021,İEA,1500,"35,2","21,1","0,1",0,"9,6","15,6","3,8","1,7",1,0,"10,6",0,0,0,0,0,"1,4"
15/03/2021,SONAR,3200,"39,3","22,6","0,1",0,"10,5","13,1",0,0,"1,2",0,"10,2",0,0,0,0,0,"3,1"
15/01/2021,SAROS,2000,"37,6","20,9","0,1","0,2","10,6","9,9","1,9","1,6","1,2",0,"12,7",0,0,0,"0,6",0,"2,7"
15/01/2021,MetroPOLL,2000,"37,2",26,"0,1",0,"8,5","12,3","1,4","1,1","2,2",0,"9,8",0,0,0,0,0,"1,5"
27/01/2021,Avrasya,2184,"35,6","25,3","0,1",0,"8,1","13,4","2,9",3,"0,9",0,"10,5",0,0,0,0,0,"0,4"
15/01/2021,ADA,2000,"38,7","19,8","0,1",0,"9,6","11,5","2,5","1,8","1,2",0,"9,5",0,0,0,0,0,"5,4"
15/01/2021,Opti03,2089,"40,5","22,6","0,1","0,3","10,8",10,"1,6","0,5","0,9",0,"10,6",0,0,0,0,0,"2,1"
26/01/2021,MAK,2000,"35,6","24,9","0,1",0,"8,5","13,6","2,3","2,5","1,6",0,"8,9",0,0,0,0,0,"2,1"
10/1/2021,Avrasya,1460,35,25,"0,1",0,"9,5",13,"2,5","2,6","0,8",0,"10,7",0,0,0,0,0,"0,8"
15/01/2021,İEA,2000,"36,2","20,3","0,1",0,"9,1","16,7","3,6","1,3","0,6",0,"10,5",0,0,0,0,0,"1,7"
15/01/2021,KONDA,2000,40,22,"0,1",0,10,10,0,0,0,0,11,0,0,0,0,0,7
15/12/2020,Aksoy,2400,"34,8","27,2","0,1",0,9,"13,1","3,1","1,8","1,6",0,"8,9",0,0,0,0,0,"0,6"
15/12/2020,MetroPOLL,2000,"38,9","25,4","0,1",0,"7,6","11,3","2,2","1,7","0,8",0,"11,1",0,0,0,0,0,1
15/12/2020,Avrasya,2000,"33,3","26,6","0,1",0,10,"13,5","2,5","2,8","0,6",0,"10,5",0,0,0,0,0,0
15/12/2020,MAK,2850,37,"24,8","0,1",0,"8,8","12,5","2,2","2,5","1,5",0,"9,2",0,0,0,0,0,"1,5"
18/12/2020,Area,2000,"39,3","22,4","0,1",0,"10,5","8,5","3,1","0,7",1,0,"10,4",0,0,0,0,0,"1,3"
15/12/2020,Objektif,16000,34,"26,7","0,1",0,"11,2",11,"2,1","2,7","1,2",0,"10,5",0,0,0,0,0,"0,6"
15/12/2020,İEA,1500,"39,7","18,7","0,1",0,9,14,"4,2","1,1","0,7",0,"11,3",0,0,0,0,0,"1,3"
15/12/2020,Gezici,2000,"36,6","26,2","0,1",0,"8,8","9,6","6,6",0,0,0,"10,2",0,0,0,0,0,2
15/12/2020,Avrasya,2460,"33,2","26,4","0,1",0,"8,6","13,4","2,8","2,8","0,9",0,"11,5",0,0,0,0,0,"0,4"
12/11/2020,ORC,3820,"36,1","25,4","0,1",0,"12,7","10,4","1,9","2,5","1,1",0,"9,3",0,0,0,0,0,"0,6"
15/11/2020,KONDA,2000,37,22,"0,1",0,10,13,0,0,0,0,11,0,0,0,0,0,5
15/11/2020,MetroPOLL,2000,"41,3","22,4","0,1",0,"9,1","11,2","2,2","0,8","1,5",0,"10,4",0,0,0,0,0,"1,1"
15/11/2020,Area,2000,"36,2","23,7","0,1",0,9,"13,7","3,5","1,7","1,5",0,"10,4",0,0,0,0,0,"0,2"
15/11/2020,GENAR,3000,"42,1","22,8","0,1",0,"10,3","10,1",1,"0,6","1,7",0,"9,7",0,0,0,0,0,"1,1"
15/11/2020,İEA,1500,"37,5","20,1","0,1",0,"9,3","16,2","2,9","1,1","0,6",0,"11,3",0,0,0,0,0,1
15/10/2020,KONDA,2000,38,22,"0,1",0,11,9,0,0,0,0,11,0,0,0,0,0,8
15/10/2020,MetroPOLL,2000,"38,2","23,1","0,1",0,"10,6","11,5",2,"1,2","1,3",0,"11,4",0,0,0,0,0,"0,7"
15/10/2020,Area,2000,"37,7","23,8","0,1",0,11,"12,1","1,5","0,7","0,9",0,"11,6",0,0,0,0,0,"0,7"
15/10/2020,Avrasya,2460,"32,6","28,2","0,1",0,"8,9","12,7","3,2",2,"0,3",0,"11,6",0,0,0,0,0,"0,5"
15/10/2020,MAK,2850,38,"24,6","0,1",0,"8,7","11,6","2,3","2,4","1,4",0,"8,8",0,0,0,0,0,"2,2"
15/10/2020,Aksoy,2400,36,"24,9","0,1",0,"9,1","13,6","3,4","1,5","0,8",0,"9,5",0,0,0,0,0,"1,2"
15/10/2020,Opti03,2047,"41,1","23,8","0,1",0,"9,5","9,3","1,5",1,0,0,"10,5",0,0,0,0,0,"1,2"
15/10/2020,İEA,2000,"40,2",20,"0,1",0,"8,8","15,7","2,1",1,0,0,"11,4",0,0,0,0,0,"0,7"
15/09/2021,Yön09em,2000,"34,4","27,8","0,1",0,"8,6",11,3,"1,3","1,2",0,"11,8",0,0,0,0,0,"0,9"
15/09/2021,MetroPOLL,2000,"41,6","22,8","0,1",0,"9,4","11,3","1,3","0,9","1,5",0,"10,4",0,0,0,0,0,"0,9"
30/09/2020,Area,2000,40,"22,7","0,1",0,"10,2","12,4","1,3","1,1","1,1",0,"10,4",0,0,0,0,0,"0,8"
15/09/2020,Avrasya,2000,"37,3","27,2","0,1",0,"8,5","11,7","1,8",2,"0,5",0,"10,7",0,0,0,0,0,"0,3"
15/09/2020,MAK,2000,"38,6","24,1","0,1",0,"8,6",12,"2,2","2,3","1,3",0,"8,7",0,0,0,0,0,"2,2"
15/09/2020,İEA,2000,"43,3","22,3","0,1",0,"7,6","10,7","2,4","1,2","1,2",0,"10,4",0,0,0,0,0,"0,9"
27/08/2020,Avrasya,2460,"36,9","28,1","0,1",0,"7,1","11,4","2,7","2,6","0,4",0,"10,6",0,0,0,0,0,"0,2"
15/08/2020,MetroPOLL,2000,"39,5","26,8","0,1",0,"9,4","9,6",1,"0,9","1,8",0,"9,6",0,0,0,0,0,"1,5"
25/08/2020,Area,2000,38,"22,7","0,1",0,"10,8","11,5","1,7","1,3","1,8",0,"10,8",0,0,0,0,0,"1,3"
15/08/2020,SONAR,2000,"39,8","27,1","0,1",0,"11,3","10,4",0,0,0,0,"8,3",0,0,0,0,0,3
15/08/2020,Aksoy,2000,"38,3","26,1","0,1",0,"8,5","9,2","3,4","2,5","1,2",0,"9,6",0,0,0,0,0,"1,1"
15/08/2020,ORC,2000,"36,6","25,9","0,1",0,"14,1","8,1","2,3","1,6","0,8",0,"9,6",0,0,0,0,0,1
15/08/2020,Artıbir,2000,"39,5","26,8","0,1",0,"9,4","9,6",1,"0,9","1,8",0,"9,6",0,0,0,0,0,"1,5"
15/08/2020,Avrasya,2000,35,"28,4","0,1",0,"7,4","12,4","2,2","2,3",0,0,"11,7",0,0,0,0,0,"0,6"
15/08/2020,MetroPOLL,2000,"42,1",26,"0,1",0,"7,6","8,7","1,6","2,5",1,0,"10,1",0,0,0,0,0,"0,3"
27/07/2020,Area,2000,"39,1","24,4","0,1",0,8,"10,1","2,7","2,2","1,2",0,"10,3",0,0,0,0,0,"1,9"
15/06/2020,ORC,5356,"37,3","26,2","0,1",0,13,"6,8","2,6","1,7","1,1",0,"10,4",0,0,0,0,0,"0,9"
15/07/2020,Opti03,2000,"41,5","22,9","0,1",0,"10,1","8,5","1,3","1,3",0,0,"10,5",0,0,0,0,0,"3,9"
15/07/2020,GENAR,2000,"45,4","23,5","0,1",0,"8,3","9,8",0,0,0,0,"10,3",0,0,0,0,0,"2,7"
30/06/2022,İEA,1514,"40,7","20,8","0,1",0,"10,6","10,3","2,7","0,9","1,1",0,"11,7",0,0,0,0,0,"1,1"
27/06/2020,Area,2000,37,"24,6","0,1",0,"10,1",11,"3,3","1,2","1,2",0,"10,5",0,0,0,0,0,"1,1"
15/06/2020,MetroPOLL,2000,"37,2","29,5","0,1",0,"7,6","8,6","2,3","1,7","1,2",0,"10,9",0,0,0,0,0,1
14/06/2020,Sosyo Politik,2000,"35,1","24,1","0,1",0,9,"8,2",6,"4,2","1,6",0,"11,8",0,0,0,0,0,0
15/06/2020,MAK,2000,"35,5","25,3","0,1",0,"10,8",11,"2,8","2,9","1,2",0,"9,3",0,0,0,0,0,"1,2"
12/6/2020,Avrasya,1410,"35,1",28,"0,1",0,"7,1","12,1",3,"2,4",0,0,12,0,0,0,0,0,"0,3"
15/06/2020,İEA,1537,39,"20,5","0,1",0,"11,3","11,7","1,6","0,6","1,3",0,"13,7",0,0,0,0,0,0
15/05/2020,MetroPOLL,2000,"38,5","27,1","0,1",0,"9,1","9,6","1,6","1,6","0,9",0,"10,5",0,0,0,0,0,0
15/05/2020,Area,2000,39,"24,5","0,1",0,8,12,"2,6","1,4","1,9",0,10,0,0,0,0,0,"0,6"
23/05/2020,Avrasya,2000,"34,5","30,6","0,1",0,"8,1","10,2",3,"2,3","0,5",0,"10,4",0,0,0,0,0,0
15/05/2020,Opti03,2000,"42,8","23,4","0,1",0,"10,2","9,1",1,"1,3",0,0,"9,5",0,0,0,0,0,0
15/05/2020,MAK,2000,"37,4","25,3","0,1",0,"10,7","10,9","1,7","2,4",0,0,"9,4",0,0,0,0,0,"2,2"
15/05/2020,ORC,2000,"38,4","25,6","0,1",0,"14,1","6,4",1,"1,9","1,1",0,"10,3",0,0,0,0,0,"1,2"
28/04/2020,Avrasya,2000,34,"28,4","0,1",0,9,"11,7","2,7","2,5","0,5",0,"11,1",0,0,0,0,0,"0,2"
15/04/2020,MetroPOLL,2000,"42,4","24,6","0,1",0,10,"9,8","2,1","0,7","0,7",0,"9,1",0,0,0,0,0,"0,6"
15/04/2020,İEA,2000,"38,7","22,8","0,1",0,"13,2","10,5","0,3","0,5","1,2",0,12,0,0,0,0,0,"0,8"
15/03/2020,MetroPOLL,2000,"44,1","23,1","0,1",0,"9,3","8,4","1,4","1,2","1,7",0,"9,8",0,0,0,0,0,1
15/03/2020,Artıbir,2000,"35,4","30,1","0,1",0,10,"10,5",0,"1,3","1,6",0,"10,1",0,0,0,0,0,1
6/3/2020,ADA,1366,"38,3","22,6","0,1",0,"11,2","10,5","3,4",2,"1,3",0,"9,7",0,0,0,0,0,1
15/03/2020,Area,2000,"38,1","24,4","0,1",0,"11,1","10,7",0,0,0,0,"11,6",0,0,0,0,0,"4,1"
15/03/2020,Artıbir,2000,"37,4","28,9","0,1",0,"9,9","10,5",0,"1,3","1,1",0,"10,1",0,0,0,0,0,"0,8"
15/03/2020,MetroPOLL,2000,40,"25,5","0,1",0,"10,1","8,3",0,"1,2","1,2",0,"12,1",0,0,0,0,0,"2,4"
15/03/2020,İEA,2000,"39,7","25,1","0,1",0,"9,2","10,8",0,0,"0,3",0,"10,5",0,0,0,0,0,"3,3"
15/03/2020,Themis,2000,38,"29,3","0,1",0,10,"7,3",0,"0,7","3,3",0,8,0,0,0,0,0,"3,3"
27/01/2020,Area,2202,"36,2","24,8","0,1",0,"11,3","11,1",0,0,0,0,"12,9",0,0,0,0,0,"3,8"
15/01/2020,İEA,2000,"38,5","22,1","0,1",0,"9,3",10,0,0,"1,3",0,13,0,0,0,0,0,"4,7"
9/1/2020,Artıbir,1500,38,"27,3","0,1",0,"11,3","10,1",0,"2,3","1,6",0,"8,5",0,0,0,0,0,"0,9"
31/12/2019,ORC,2980,"36,1","27,1","0,1",0,"16,3","4,9",0,"2,2","0,9",0,"9,3",0,0,0,0,0,"3,3"
12/1/2019,TEAM,9281,"35,9","26,3","0,1",0,11,"9,1",0,"1,2","1,4",0,"11,4",0,0,0,0,0,"3,7"
15/12/2019,Public Status,4150,43,"24,9","0,1",0,12,"7,7",0,"0,2",0,0,10,0,0,0,0,0,"1,7"
15/12/2019,Opti03,2000,42,"22,6","0,1",0,"10,1","8,5",0,"0,6","1,1",0,"12,4",0,0,0,0,0,"2,2"
15/12/2019,AREA,2000,"38,3","25,8","0,1",0,"10,6","10,6",0,0,0,0,"10,5",0,0,0,0,0,"4,2"
15/12/2019,MetroPOLL,2000,41,"24,8","0,1",0,"9,8","8,3",0,2,"0,8",0,11,0,0,0,0,0,"2,3"
15/12/2019,MAK,2000,38,"24,9","0,1",0,"11,9","11,7",0,0,"1,2",0,"9,9",0,0,0,0,0,"4,4"
15/12/2019,KHAS,2000,"40,2",33,"0,1",0,"8,3","8,1",0,0,0,0,"9,2",0,0,0,0,0,"1,2"
15/12/2019,IEA,2000,"40,1","24,9","0,1",0,"8,6",10,0,0,0,0,"11,6",0,0,0,0,0,"4,6"
24/11/2019,Piar,2000,"31,9","24,7","0,1",0,"10,6",9,0,0,"1,7",0,"10,2",0,0,0,0,0,"11,9"
12/12/2019,ORC,4156,"36,6","28,9","0,1",0,"17,2","3,9",0,0,"1,5",0,"9,5",0,0,0,0,0,"2,3"
15/11/2019,MetroPOLL,2000,42,24,"0,1",0,11,"9,6",0,0,"0,9",0,"12,2",0,0,0,0,0,"0,3"
15/11/2019,AREA,2000,"38,3","23,3","0,1",0,"11,8","10,5",0,0,0,0,"12,6",0,0,0,0,0,"3,5"
15/11/2019,KONDA,2000,40,"23,1","0,1",0,"12,9",9,0,0,0,0,"13,6",0,0,0,0,0,"1,4"
15/11/2019,İEA,2000,38,"26,1","0,1",0,"11,6","10,2",0,0,0,0,"11,1",0,0,0,0,0,"2,9"
15/11/2019,Sosyo Politik,1937,"38,3","27,7","0,1",0,"7,8","4,8",0,0,"0,9",0,"10,3",0,0,0,0,0,"3,9"
15/10/2019,ADA,1700,"41,9","21,3","0,1",0,"8,4","7,5",0,0,"2,3",0,"7,5",0,0,0,0,0,"9,2"
15/10/2019,İEA,2000,"40,2","24,8","0,1",0,"8,2","10,3",0,0,0,0,"13,7",0,0,0,0,0,"3,3"
15/10/2019,GENAR,2000,40,26,"0,1",0,"11,5","7,5",0,0,0,0,11,0,0,0,0,0,4
15/10/2019,AREA,2000,37,"24,1","0,1",0,"11,4","10,8",0,0,0,0,"12,4",0,0,0,0,0,"4,2"
15/10/2019,MetroPOLL,2000,"43,2","23,4","0,1",0,"11,9","9,3",0,0,"1,1",0,"10,7",0,0,0,0,0,"0,4"
15/10/2019,Polimetre,2000,"37,3","25,9","0,1",0,"9,9","11,5",0,0,"1,5",0,"13,1",0,0,0,0,0,"0,8"
15/09/2019,Opti03,1708,"40,5","26,7","0,1",0,"10,9",9,0,0,2,0,"9,3",0,0,0,0,0,"1,7"
15/09/2019,ORC,2000,"35,7","30,9","0,1",0,"16,6","4,5",0,0,2,0,"9,4",0,0,0,0,0,0
15/09/2019,"AR0,0G",2000,"37,8","28,4","0,1",0,"11,1","7,7",0,0,"1,2",0,"9,2",0,0,0,0,0,"4,6"
15/09/2019,MetroPOLL,2000,"40,2","24,5","0,1",0,"10,7","10,5",0,0,"1,6",0,12,0,0,0,0,0,"0,4"
15/08/2019,ADA,2000,"37,5","22,8","0,1",0,"9,5",7,0,0,"0,9",0,9,0,0,0,0,0,"13,3"
15/08/2019,N/S,2000,39,27,"0,1",0,"9,9","10,1",0,0,0,0,11,0,0,0,0,0,3
15/08/2019,SAROS,2000,"38,6","24,7","0,1",0,"10,5","10,8",0,0,0,0,"13,5",0,0,0,0,0,"1,9"
11/7/2019,Piar,2460,"36,7","29,1","0,1",0,"10,8","9,1",0,0,"1,6",0,"12,2",0,0,0,0,0,"0,5"
31/03/2019,Yerel seçimler,46263775,"42,3","30,1","0,1",0,"7,3","7,4",0,0,"2,7",0,"4,2",0,0,0,0,0,"6,6"
15/03/2019,Area,2000,"37,5","25,8","0,1",0,"9,6","13,2",0,0,0,0,"12,1",0,0,0,0,0,"1,7"
19/01/2019,Piar,9298,35,"25,9","0,1",0,"13,6","12,1",0,0,0,0,11,0,0,0,0,0,"2,4"
15/01/2019,Area,2000,"37,1","25,2","0,1",0,"11,6","12,3",0,0,0,0,"12,2",0,0,0,0,0,"1,7"
1/3/2019,Opti03,2523,"45,5","28,6","0,1",0,"7,6","7,7",0,0,"1,4",0,"7,6",0,0,0,0,0,"1,6"
24/06/2018,Genel seçimler,50137175,"42,56","22,65","0,1",0,"11,1","9,96",0,0,"1,34",0,"11,7",0,0,0,0,0,"0,69"
